query_id,cbo_plan_ms,cbo_exec_ms,cbo_e2e_ms,before_plan_ms,before_exec_ms,before_e2e_ms,after_plan_ms,after_exec_ms,after_e2e_ms,cbo_before_plan_ms,cbo_before_exec_ms,cbo_before_e2e_ms,paired_gains_ms,paired_median_gain_ms,after_plans
a2_topk_dtw_wide,16,142,158,1145,290,1145,560,197,560,21,178,199,"[-396, -419, -402]",-402,['P_TZ']
a2_tz_hard_a,31,1418,1473,2156,2428,2473,570,1610,1644,32,1245,1277,"[-161, -150, -251]",-161,['P_TZ']
a2_tz_hard_d,33,1772,1805,2223,2723,2770,1053,1931,1985,31,1494,1525,"[-464, -180, -148]",-180,['P_Z']
ais_st_control_small,10,10,20,2425,26,2425,406,21,406,12,14,27,"[-412, -388, -378]",-388,['P_T']
ais_st_control_tiny,13,44,57,2673,13,2686,382,53,382,19,56,75,"[-349, -344, -312]",-344,['P_TZ']
ais_st_port_focus,31,385,416,2718,684,2718,678,578,678,33,366,396,"[-386, -248, -262]",-262,['P_TZ']
ais_topk_dtw_2week,153,2660,2843,4018,4345,4603,966,1467,1645,136,2562,2763,"[765, 1544, 1198]",1198,['P_T']
ais_topk_frechet_wide,109,2226,2337,3913,4081,4214,948,1036,1177,193,2396,2589,"[1105, 1087, 1474]",1105,['P_T']
topk_st_3,14,127,144,1276,46,1321,414,141,414,31,109,148,"[-336, -283, -270]",-283,['P_TZ']
